Rank,Name,Symbol,MainLink,HistoricalLink,tags,github_url
1,Bitcoin,BTC,https://coinmarketcap.com/currencies/bitcoin/,https://coinmarketcap.com/currencies/bitcoin/historical-data/,"[{'tag': 'Mineable', 'url': 'https://coinmarketcap.com/view/mineable/'}, {'tag': 'PoW', 'url': 'https://coinmarketcap.com/view/pow/'}, {'tag': 'SHA-256', 'url': 'https://coinmarketcap.com/view/sha-256/'}]",https://github.com/bitcoin/bitcoin
2,Ethereum,ETH,https://coinmarketcap.com/currencies/ethereum/,https://coinmarketcap.com/currencies/ethereum/historical-data/,"[{'tag': 'PoS', 'url': 'https://coinmarketcap.com/view/pos/'}, {'tag': 'Smart Contracts', 'url': 'https://coinmarketcap.com/view/smart-contracts/'}, {'tag': 'Ethereum Ecosystem', 'url': 'https://coinmarketcap.com/view/ethereum-ecosystem/'}]",https://github.com/ethereum/go-ethereum
3,Tether USDt,USDT,https://coinmarketcap.com/currencies/tether/,https://coinmarketcap.com/currencies/tether/historical-data/,"[{'tag': 'Payments', 'url': 'https://coinmarketcap.com/view/payments/'}, {'tag': 'Stablecoin', 'url': 'https://coinmarketcap.com/view/stablecoin/'}, {'tag': 'Asset-Backed Stablecoin', 'url': 'https://coinmarketcap.com/view/asset-backed-stablecoin/'}]",
4,BNB,BNB,https://coinmarketcap.com/currencies/bnb/,https://coinmarketcap.com/currencies/bnb/historical-data/,"[{'tag': 'Marketplace', 'url': 'https://coinmarketcap.com/view/marketplace/'}, {'tag': 'Centralized Exchange (CEX) Token', 'url': 'https://coinmarketcap.com/view/centralized-exchange/'}, {'tag': 'Payments', 'url': 'https://coinmarketcap.com/view/payments/'}]",https://github.com/bnb-chain
5,XRP,XRP,https://coinmarketcap.com/currencies/xrp/,https://coinmarketcap.com/currencies/xrp/historical-data/,"[{'tag': 'Medium of Exchange', 'url': 'https://coinmarketcap.com/view/medium-of-exchange/'}, {'tag': 'Enterprise Solutions', 'url': 'https://coinmarketcap.com/view/enterprise-solutions/'}, {'tag': 'Arrington XRP Capital Portfolio', 'url': 'https://coinmarketcap.com/view/arrington-xrp-capital-portfolio/'}]",https://github.com/ripple/rippled
6,USD Coin,USDC,https://coinmarketcap.com/currencies/usd-coin/,https://coinmarketcap.com/currencies/usd-coin/historical-data/,"[{'tag': 'Medium of Exchange', 'url': 'https://coinmarketcap.com/view/medium-of-exchange/'}, {'tag': 'Stablecoin', 'url': 'https://coinmarketcap.com/view/stablecoin/'}, {'tag': 'Asset-Backed Stablecoin', 'url': 'https://coinmarketcap.com/view/asset-backed-stablecoin/'}]",https://github.com/centrehq/centre-tokens
7,Cardano,ADA,https://coinmarketcap.com/currencies/cardano/,https://coinmarketcap.com/currencies/cardano/historical-data/,"[{'tag': 'DPoS', 'url': 'https://coinmarketcap.com/view/dpos/'}, {'tag': 'PoS', 'url': 'https://coinmarketcap.com/view/pos/'}, {'tag': 'Platform', 'url': 'https://coinmarketcap.com/view/platform/'}]",https://cardanoupdates.com/
8,Dogecoin,DOGE,https://coinmarketcap.com/currencies/dogecoin/,https://coinmarketcap.com/currencies/dogecoin/historical-data/,"[{'tag': 'Mineable', 'url': 'https://coinmarketcap.com/view/mineable/'}, {'tag': 'PoW', 'url': 'https://coinmarketcap.com/view/pow/'}, {'tag': 'Scrypt', 'url': 'https://coinmarketcap.com/view/scrypt/'}]",https://github.com/dogecoin/dogecoin
9,Solana,SOL,https://coinmarketcap.com/currencies/solana/,https://coinmarketcap.com/currencies/solana/historical-data/,"[{'tag': 'PoS', 'url': 'https://coinmarketcap.com/view/pos/'}, {'tag': 'Platform', 'url': 'https://coinmarketcap.com/view/platform/'}, {'tag': 'Solana Ecosystem', 'url': 'https://coinmarketcap.com/view/solana-ecosystem/'}]",https://github.com/solana-labs
10,TRON,TRX,https://coinmarketcap.com/currencies/tron/,https://coinmarketcap.com/currencies/tron/historical-data/,"[{'tag': 'Media', 'url': 'https://coinmarketcap.com/view/media/'}, {'tag': 'Payments', 'url': 'https://coinmarketcap.com/view/payments/'}, {'tag': 'TRON Ecosystem', 'url': 'https://coinmarketcap.com/view/tron-ecosystem/'}]",https://github.com/tronprotocol/java-tron
11,Polkadot,DOT,https://coinmarketcap.com/currencies/polkadot-new/,https://coinmarketcap.com/currencies/polkadot-new/historical-data/,"[{'tag': 'Substrate', 'url': 'https://coinmarketcap.com/view/substrate/'}, {'tag': 'Polkadot', 'url': 'https://coinmarketcap.com/view/polkadot/'}, {'tag': 'Binance Chain', 'url': 'https://coinmarketcap.com/view/binance-chain/'}]",https://github.com/paritytech/polkadot
12,Dai,DAI,https://coinmarketcap.com/currencies/multi-collateral-dai/,https://coinmarketcap.com/currencies/multi-collateral-dai/historical-data/,"[{'tag': 'DeFi', 'url': 'https://coinmarketcap.com/view/defi/'}, {'tag': 'Stablecoin', 'url': 'https://coinmarketcap.com/view/stablecoin/'}, {'tag': 'Asset-Backed Stablecoin', 'url': 'https://coinmarketcap.com/view/asset-backed-stablecoin/'}]",
13,Polygon,MATIC,https://coinmarketcap.com/currencies/polygon/,https://coinmarketcap.com/currencies/polygon/historical-data/,"[{'tag': 'PoS', 'url': 'https://coinmarketcap.com/view/pos/'}, {'tag': 'Platform', 'url': 'https://coinmarketcap.com/view/platform/'}, {'tag': 'Enterprise Solutions', 'url': 'https://coinmarketcap.com/view/enterprise-solutions/'}]",https://github.com/maticnetwork/contracts
14,Toncoin,TON,https://coinmarketcap.com/currencies/toncoin/,https://coinmarketcap.com/currencies/toncoin/historical-data/,"[{'tag': 'PoS', 'url': 'https://coinmarketcap.com/view/pos/'}, {'tag': 'DWF Labs Portfolio', 'url': 'https://coinmarketcap.com/view/dwf-labs-portfolio/'}, {'tag': 'Toncoin Ecosystem', 'url': 'https://coinmarketcap.com/view/toncoin-ecosystem/'}]",https://github.com/ton-blockchain
15,Litecoin,LTC,https://coinmarketcap.com/currencies/litecoin/,https://coinmarketcap.com/currencies/litecoin/historical-data/,"[{'tag': 'Mineable', 'url': 'https://coinmarketcap.com/view/mineable/'}, {'tag': 'PoW', 'url': 'https://coinmarketcap.com/view/pow/'}, {'tag': 'Scrypt', 'url': 'https://coinmarketcap.com/view/scrypt/'}]",https://github.com/litecoin-project/litecoin
16,Shiba Inu,SHIB,https://coinmarketcap.com/currencies/shiba-inu/,https://coinmarketcap.com/currencies/shiba-inu/historical-data/,"[{'tag': 'Memes', 'url': 'https://coinmarketcap.com/view/memes/'}, {'tag': 'Ethereum Ecosystem', 'url': 'https://coinmarketcap.com/view/ethereum-ecosystem/'}, {'tag': 'Doggone Doggerel', 'url': 'https://coinmarketcap.com/view/doggone-doggerel/'}]",
17,Wrapped Bitcoin,WBTC,https://coinmarketcap.com/currencies/wrapped-bitcoin/,https://coinmarketcap.com/currencies/wrapped-bitcoin/historical-data/,"[{'tag': 'Medium of Exchange', 'url': 'https://coinmarketcap.com/view/medium-of-exchange/'}, {'tag': 'DeFi', 'url': 'https://coinmarketcap.com/view/defi/'}, {'tag': 'Wrapped Tokens', 'url': 'https://coinmarketcap.com/view/wrapped-tokens/'}]",https://github.com/WrappedBTC/bitcoin-token-smart-contracts
18,Bitcoin Cash,BCH,https://coinmarketcap.com/currencies/bitcoin-cash/,https://coinmarketcap.com/currencies/bitcoin-cash/historical-data/,"[{'tag': 'Mineable', 'url': 'https://coinmarketcap.com/view/mineable/'}, {'tag': 'PoW', 'url': 'https://coinmarketcap.com/view/pow/'}, {'tag': 'SHA-256', 'url': 'https://coinmarketcap.com/view/sha-256/'}]",https://gitlab.com/bitcoin-cash-node/
19,UNUS SED LEO,LEO,https://coinmarketcap.com/currencies/unus-sed-leo/,https://coinmarketcap.com/currencies/unus-sed-leo/historical-data/,"[{'tag': 'Marketplace', 'url': 'https://coinmarketcap.com/view/marketplace/'}, {'tag': 'Centralized Exchange (CEX) Token', 'url': 'https://coinmarketcap.com/view/centralized-exchange/'}, {'tag': 'Discount Token', 'url': 'https://coinmarketcap.com/view/discount-token/'}]",
20,Avalanche,AVAX,https://coinmarketcap.com/currencies/avalanche/,https://coinmarketcap.com/currencies/avalanche/historical-data/,"[{'tag': 'DeFi', 'url': 'https://coinmarketcap.com/view/defi/'}, {'tag': 'Smart Contracts', 'url': 'https://coinmarketcap.com/view/smart-contracts/'}, {'tag': 'Three Arrows Capital Portfolio', 'url': 'https://coinmarketcap.com/view/three-arrows-capital-portfolio/'}]",https://github.com/ava-labs/avalanchego
21,Stellar,XLM,https://coinmarketcap.com/currencies/stellar/,https://coinmarketcap.com/currencies/stellar/historical-data/,"[{'tag': 'Medium of Exchange', 'url': 'https://coinmarketcap.com/view/medium-of-exchange/'}, {'tag': 'Enterprise Solutions', 'url': 'https://coinmarketcap.com/view/enterprise-solutions/'}, {'tag': 'Decentralized Exchange (DEX) Token', 'url': 'https://coinmarketcap.com/view/decentralized-exchange-dex-token/'}]",https://github.com/stellar/stellar-core
22,Chainlink,LINK,https://coinmarketcap.com/currencies/chainlink/,https://coinmarketcap.com/currencies/chainlink/historical-data/,"[{'tag': 'Platform', 'url': 'https://coinmarketcap.com/view/platform/'}, {'tag': 'DeFi', 'url': 'https://coinmarketcap.com/view/defi/'}, {'tag': 'Oracles', 'url': 'https://coinmarketcap.com/view/oracles/'}]",https://github.com/smartcontractkit/chainlink
23,Binance USD,BUSD,https://coinmarketcap.com/currencies/binance-usd/,https://coinmarketcap.com/currencies/binance-usd/historical-data/,"[{'tag': 'Stablecoin', 'url': 'https://coinmarketcap.com/view/stablecoin/'}, {'tag': 'Asset-Backed Stablecoin', 'url': 'https://coinmarketcap.com/view/asset-backed-stablecoin/'}, {'tag': 'Binance Chain', 'url': 'https://coinmarketcap.com/view/binance-chain/'}]",https://github.com/paxosglobal/busd-contract
24,TrueUSD,TUSD,https://coinmarketcap.com/currencies/trueusd/,https://coinmarketcap.com/currencies/trueusd/historical-data/,"[{'tag': 'Store Of Value', 'url': 'https://coinmarketcap.com/view/store-of-value/'}, {'tag': 'Stablecoin', 'url': 'https://coinmarketcap.com/view/stablecoin/'}, {'tag': 'Asset-Backed Stablecoin', 'url': 'https://coinmarketcap.com/view/asset-backed-stablecoin/'}]",https://github.com/trusttoken/smart-contracts
25,Uniswap,UNI,https://coinmarketcap.com/currencies/uniswap/,https://coinmarketcap.com/currencies/uniswap/historical-data/,"[{'tag': 'Decentralized Exchange (DEX) Token', 'url': 'https://coinmarketcap.com/view/decentralized-exchange-dex-token/'}, {'tag': 'DeFi', 'url': 'https://coinmarketcap.com/view/defi/'}, {'tag': 'DAO', 'url': 'https://coinmarketcap.com/view/dao/'}]",
26,Monero,XMR,https://coinmarketcap.com/currencies/monero/,https://coinmarketcap.com/currencies/monero/historical-data/,"[{'tag': 'Mineable', 'url': 'https://coinmarketcap.com/view/mineable/'}, {'tag': 'PoW', 'url': 'https://coinmarketcap.com/view/pow/'}, {'tag': 'Medium of Exchange', 'url': 'https://coinmarketcap.com/view/medium-of-exchange/'}]",https://github.com/monero-project/monero
27,OKB,OKB,https://coinmarketcap.com/currencies/okb/,https://coinmarketcap.com/currencies/okb/historical-data/,"[{'tag': 'Marketplace', 'url': 'https://coinmarketcap.com/view/marketplace/'}, {'tag': 'Centralized Exchange (CEX) Token', 'url': 'https://coinmarketcap.com/view/centralized-exchange/'}, {'tag': 'Discount Token', 'url': 'https://coinmarketcap.com/view/discount-token/'}]",
28,Cosmos,ATOM,https://coinmarketcap.com/currencies/cosmos/,https://coinmarketcap.com/currencies/cosmos/historical-data/,"[{'tag': 'Platform', 'url': 'https://coinmarketcap.com/view/platform/'}, {'tag': 'Cosmos Ecosystem', 'url': 'https://coinmarketcap.com/view/cosmos-ecosystem/'}, {'tag': 'Content Creation', 'url': 'https://coinmarketcap.com/view/content-creation/'}]",https://github.com/cosmos
29,Ethereum Classic,ETC,https://coinmarketcap.com/currencies/ethereum-classic/,https://coinmarketcap.com/currencies/ethereum-classic/historical-data/,"[{'tag': 'Mineable', 'url': 'https://coinmarketcap.com/view/mineable/'}, {'tag': 'PoW', 'url': 'https://coinmarketcap.com/view/pow/'}, {'tag': 'Ethash', 'url': 'https://coinmarketcap.com/view/ethash/'}]",https://github.com/ethereumclassic/ethereumclassic.github.io
30,Hedera,HBAR,https://coinmarketcap.com/currencies/hedera/,https://coinmarketcap.com/currencies/hedera/historical-data/,"[{'tag': 'DAG', 'url': 'https://coinmarketcap.com/view/dag/'}, {'tag': 'Marketplace', 'url': 'https://coinmarketcap.com/view/marketplace/'}, {'tag': 'Enterprise Solutions', 'url': 'https://coinmarketcap.com/view/enterprise-solutions/'}]",https://github.com/hashgraph
31,Internet Computer,ICP,https://coinmarketcap.com/currencies/internet-computer/,https://coinmarketcap.com/currencies/internet-computer/historical-data/,"[{'tag': 'Platform', 'url': 'https://coinmarketcap.com/view/platform/'}, {'tag': 'Distributed Computing', 'url': 'https://coinmarketcap.com/view/distributed-computing/'}, {'tag': 'Collectibles & NFTs', 'url': 'https://coinmarketcap.com/view/collectibles-nfts/'}]",https://github.com/dfinity/ic
32,Filecoin,FIL,https://coinmarketcap.com/currencies/filecoin/,https://coinmarketcap.com/currencies/filecoin/historical-data/,"[{'tag': 'Mineable', 'url': 'https://coinmarketcap.com/view/mineable/'}, {'tag': 'Distributed Computing', 'url': 'https://coinmarketcap.com/view/distributed-computing/'}, {'tag': 'Filesharing', 'url': 'https://coinmarketcap.com/view/filesharing/'}]",https://github.com/filecoin-project/
33,Mantle,MNT,https://coinmarketcap.com/currencies/mantle/,https://coinmarketcap.com/currencies/mantle/historical-data/,"[{'tag': 'Ethereum Ecosystem', 'url': 'https://coinmarketcap.com/view/ethereum-ecosystem/'}, {'tag': 'Layer 2', 'url': 'https://coinmarketcap.com/view/layer-2/'}, {'tag': 'DWF Labs Portfolio', 'url': 'https://coinmarketcap.com/view/dwf-labs-portfolio/'}]",https://github.com/mantlenetworkio
34,Lido DAO,LDO,https://coinmarketcap.com/currencies/lido-dao/,https://coinmarketcap.com/currencies/lido-dao/historical-data/,"[{'tag': 'DeFi', 'url': 'https://coinmarketcap.com/view/defi/'}, {'tag': 'DAO', 'url': 'https://coinmarketcap.com/view/dao/'}, {'tag': 'Three Arrows Capital Portfolio', 'url': 'https://coinmarketcap.com/view/three-arrows-capital-portfolio/'}]",https://github.com/lidofinance
35,Cronos,CRO,https://coinmarketcap.com/currencies/cronos/,https://coinmarketcap.com/currencies/cronos/historical-data/,"[{'tag': 'Medium of Exchange', 'url': 'https://coinmarketcap.com/view/medium-of-exchange/'}, {'tag': 'Cosmos Ecosystem', 'url': 'https://coinmarketcap.com/view/cosmos-ecosystem/'}, {'tag': 'Centralized Exchange (CEX) Token', 'url': 'https://coinmarketcap.com/view/centralized-exchange/'}]",https://github.com/crypto-org-chain/chain-main
36,Aptos,APT,https://coinmarketcap.com/currencies/aptos/,https://coinmarketcap.com/currencies/aptos/historical-data/,"[{'tag': 'Binance Labs Portfolio', 'url': 'https://coinmarketcap.com/view/binance-labs-portfolio/'}, {'tag': 'Aptos Ecosystem', 'url': 'https://coinmarketcap.com/view/aptos-ecosystem/'}, {'tag': 'Circle Ventures Portfolio', 'url': 'https://coinmarketcap.com/view/circle-ventures-portfolio/'}]",
37,Quant,QNT,https://coinmarketcap.com/currencies/quant/,https://coinmarketcap.com/currencies/quant/historical-data/,"[{'tag': 'Platform', 'url': 'https://coinmarketcap.com/view/platform/'}, {'tag': 'Interoperability', 'url': 'https://coinmarketcap.com/view/interoperability/'}]",https://github.com/quantnetwork/
38,Arbitrum,ARB,https://coinmarketcap.com/currencies/arbitrum/,https://coinmarketcap.com/currencies/arbitrum/historical-data/,"[{'tag': 'Scaling', 'url': 'https://coinmarketcap.com/view/scaling/'}, {'tag': 'DAO', 'url': 'https://coinmarketcap.com/view/dao/'}, {'tag': 'DApp', 'url': 'https://coinmarketcap.com/view/dapp/'}]",
39,VeChain,VET,https://coinmarketcap.com/currencies/vechain/,https://coinmarketcap.com/currencies/vechain/historical-data/,"[{'tag': 'Logistics', 'url': 'https://coinmarketcap.com/view/logistics/'}, {'tag': 'Data Provenance', 'url': 'https://coinmarketcap.com/view/data-provenance/'}, {'tag': 'IoT', 'url': 'https://coinmarketcap.com/view/iot/'}]",https://github.com/vechain
40,NEAR Protocol,NEAR,https://coinmarketcap.com/currencies/near-protocol/,https://coinmarketcap.com/currencies/near-protocol/historical-data/,"[{'tag': 'Platform', 'url': 'https://coinmarketcap.com/view/platform/'}, {'tag': 'Staking', 'url': 'https://coinmarketcap.com/view/staking/'}, {'tag': 'Coinbase Ventures Portfolio', 'url': 'https://coinmarketcap.com/view/coinbase-ventures-portfolio/'}]",https://github.com/nearprotocol/nearcore
41,Optimism,OP,https://coinmarketcap.com/currencies/optimism-ethereum/,https://coinmarketcap.com/currencies/optimism-ethereum/historical-data/,"[{'tag': 'Layer 2', 'url': 'https://coinmarketcap.com/view/layer-2/'}, {'tag': 'Optimism Ecosystem', 'url': 'https://coinmarketcap.com/view/optimism-ecosystem/'}]",https://github.com/ethereum-optimism/
42,Maker,MKR,https://coinmarketcap.com/currencies/maker/,https://coinmarketcap.com/currencies/maker/historical-data/,"[{'tag': 'Store Of Value', 'url': 'https://coinmarketcap.com/view/store-of-value/'}, {'tag': 'DeFi', 'url': 'https://coinmarketcap.com/view/defi/'}, {'tag': 'DAO', 'url': 'https://coinmarketcap.com/view/dao/'}]",https://github.com/makerdao
43,Aave,AAVE,https://coinmarketcap.com/currencies/aave/,https://coinmarketcap.com/currencies/aave/historical-data/,"[{'tag': 'DeFi', 'url': 'https://coinmarketcap.com/view/defi/'}, {'tag': 'DAO', 'url': 'https://coinmarketcap.com/view/dao/'}, {'tag': 'Yield Farming', 'url': 'https://coinmarketcap.com/view/yield-farming/'}]",https://github.com/aave
44,The Graph,GRT,https://coinmarketcap.com/currencies/the-graph/,https://coinmarketcap.com/currencies/the-graph/historical-data/,"[{'tag': 'AI & Big Data', 'url': 'https://coinmarketcap.com/view/ai-big-data/'}, {'tag': 'Enterprise Solutions', 'url': 'https://coinmarketcap.com/view/enterprise-solutions/'}, {'tag': 'DeFi', 'url': 'https://coinmarketcap.com/view/defi/'}]",https://github.com/graphprotocol
45,Algorand,ALGO,https://coinmarketcap.com/currencies/algorand/,https://coinmarketcap.com/currencies/algorand/historical-data/,"[{'tag': 'PoS', 'url': 'https://coinmarketcap.com/view/pos/'}, {'tag': 'Platform', 'url': 'https://coinmarketcap.com/view/platform/'}, {'tag': 'Research', 'url': 'https://coinmarketcap.com/view/research/'}]",https://github.com/algorand/go-algorand
46,XDC Network,XDC,https://coinmarketcap.com/currencies/xdc-network/,https://coinmarketcap.com/currencies/xdc-network/historical-data/,"[{'tag': 'Enterprise Solutions', 'url': 'https://coinmarketcap.com/view/enterprise-solutions/'}, {'tag': 'Smart Contracts', 'url': 'https://coinmarketcap.com/view/smart-contracts/'}, {'tag': 'XDC Ecosystem', 'url': 'https://coinmarketcap.com/view/xdc-ecosystem/'}]",https://github.com/xinfinorg
47,USDD,USDD,https://coinmarketcap.com/currencies/usdd/,https://coinmarketcap.com/currencies/usdd/historical-data/,"[{'tag': 'Stablecoin', 'url': 'https://coinmarketcap.com/view/stablecoin/'}, {'tag': 'Algorithmic Stablecoin', 'url': 'https://coinmarketcap.com/view/algorithmic-stablecoin/'}, {'tag': 'Arbitrum Ecosystem', 'url': 'https://coinmarketcap.com/view/arbitrum-ecosytem/'}]",https://tronscan.org/#/contract/TPYmHEhy5n8TCEfYGqW2rPxsghSfzghPDn/code
48,Axie Infinity,AXS,https://coinmarketcap.com/currencies/axie-infinity/,https://coinmarketcap.com/currencies/axie-infinity/historical-data/,"[{'tag': 'Collectibles & NFTs', 'url': 'https://coinmarketcap.com/view/collectibles-nfts/'}, {'tag': 'Gaming', 'url': 'https://coinmarketcap.com/view/gaming/'}, {'tag': 'Binance Launchpad', 'url': 'https://coinmarketcap.com/view/binance-launchpad/'}]",
49,The Sandbox,SAND,https://coinmarketcap.com/currencies/the-sandbox/,https://coinmarketcap.com/currencies/the-sandbox/historical-data/,"[{'tag': 'Collectibles & NFTs', 'url': 'https://coinmarketcap.com/view/collectibles-nfts/'}, {'tag': 'Content Creation', 'url': 'https://coinmarketcap.com/view/content-creation/'}, {'tag': 'Gaming', 'url': 'https://coinmarketcap.com/view/gaming/'}]",
50,Tezos,XTZ,https://coinmarketcap.com/currencies/tezos/,https://coinmarketcap.com/currencies/tezos/historical-data/,"[{'tag': 'PoS', 'url': 'https://coinmarketcap.com/view/pos/'}, {'tag': 'Platform', 'url': 'https://coinmarketcap.com/view/platform/'}, {'tag': 'Enterprise Solutions', 'url': 'https://coinmarketcap.com/view/enterprise-solutions/'}]",https://gitlab.com/tezos/tezos
51,Stacks,STX,https://coinmarketcap.com/currencies/stacks/,https://coinmarketcap.com/currencies/stacks/historical-data/,"[{'tag': 'Mineable', 'url': 'https://coinmarketcap.com/view/mineable/'}, {'tag': 'Platform', 'url': 'https://coinmarketcap.com/view/platform/'}, {'tag': 'Collectibles & NFTs', 'url': 'https://coinmarketcap.com/view/collectibles-nfts/'}]",https://github.com/stacks-network
52,MultiversX,EGLD,https://coinmarketcap.com/currencies/multiversx-egld/,https://coinmarketcap.com/currencies/multiversx-egld/historical-data/,"[{'tag': 'Binance Launchpad', 'url': 'https://coinmarketcap.com/view/binance-launchpad/'}, {'tag': 'Binance Labs Portfolio', 'url': 'https://coinmarketcap.com/view/binance-labs-portfolio/'}, {'tag': 'Electric Capital Portfolio', 'url': 'https://coinmarketcap.com/view/electric-capital-portfolio/'}]",https://github.com/multiversx
53,EOS,EOS,https://coinmarketcap.com/currencies/eos/,https://coinmarketcap.com/currencies/eos/historical-data/,"[{'tag': 'Medium of Exchange', 'url': 'https://coinmarketcap.com/view/medium-of-exchange/'}, {'tag': 'Enterprise Solutions', 'url': 'https://coinmarketcap.com/view/enterprise-solutions/'}, {'tag': 'Smart Contracts', 'url': 'https://coinmarketcap.com/view/smart-contracts/'}]",https://github.com/AntelopeIO/leap
54,Theta Network,THETA,https://coinmarketcap.com/currencies/theta-network/,https://coinmarketcap.com/currencies/theta-network/historical-data/,"[{'tag': 'Media', 'url': 'https://coinmarketcap.com/view/media/'}, {'tag': 'Collectibles & NFTs', 'url': 'https://coinmarketcap.com/view/collectibles-nfts/'}, {'tag': 'Content Creation', 'url': 'https://coinmarketcap.com/view/content-creation/'}]",https://github.com/thetatoken
55,Immutable,IMX,https://coinmarketcap.com/currencies/immutable-x/,https://coinmarketcap.com/currencies/immutable-x/historical-data/,"[{'tag': 'Collectibles & NFTs', 'url': 'https://coinmarketcap.com/view/collectibles-nfts/'}, {'tag': 'Zero Knowledge Proofs', 'url': 'https://coinmarketcap.com/view/zero-knowledge-proofs/'}, {'tag': 'Gaming', 'url': 'https://coinmarketcap.com/view/gaming/'}]",
56,Injective,INJ,https://coinmarketcap.com/currencies/injective/,https://coinmarketcap.com/currencies/injective/historical-data/,"[{'tag': 'PoS', 'url': 'https://coinmarketcap.com/view/pos/'}, {'tag': 'Platform', 'url': 'https://coinmarketcap.com/view/platform/'}, {'tag': 'Cosmos Ecosystem', 'url': 'https://coinmarketcap.com/view/cosmos-ecosystem/'}]",https://github.com/InjectiveLabs
57,Fantom,FTM,https://coinmarketcap.com/currencies/fantom/,https://coinmarketcap.com/currencies/fantom/historical-data/,"[{'tag': 'Platform', 'url': 'https://coinmarketcap.com/view/platform/'}, {'tag': 'Enterprise Solutions', 'url': 'https://coinmarketcap.com/view/enterprise-solutions/'}, {'tag': 'DeFi', 'url': 'https://coinmarketcap.com/view/defi/'}]",https://github.com/Fantom-Foundation
58,Bitcoin SV,BSV,https://coinmarketcap.com/currencies/bitcoin-sv/,https://coinmarketcap.com/currencies/bitcoin-sv/historical-data/,"[{'tag': 'Mineable', 'url': 'https://coinmarketcap.com/view/mineable/'}, {'tag': 'PoW', 'url': 'https://coinmarketcap.com/view/pow/'}, {'tag': 'SHA-256', 'url': 'https://coinmarketcap.com/view/sha-256/'}]",https://github.com/bitcoin-sv/bitcoin-sv
59,Decentraland,MANA,https://coinmarketcap.com/currencies/decentraland/,https://coinmarketcap.com/currencies/decentraland/historical-data/,"[{'tag': 'Platform', 'url': 'https://coinmarketcap.com/view/platform/'}, {'tag': 'Collectibles & NFTs', 'url': 'https://coinmarketcap.com/view/collectibles-nfts/'}, {'tag': 'Gaming', 'url': 'https://coinmarketcap.com/view/gaming/'}]",https://github.com/decentraland/mana
60,Synthetix,SNX,https://coinmarketcap.com/currencies/synthetix/,https://coinmarketcap.com/currencies/synthetix/historical-data/,"[{'tag': 'Services', 'url': 'https://coinmarketcap.com/view/services/'}, {'tag': 'Decentralized Exchange (DEX) Token', 'url': 'https://coinmarketcap.com/view/decentralized-exchange-dex-token/'}, {'tag': 'DeFi', 'url': 'https://coinmarketcap.com/view/defi/'}]",
61,Render,RNDR,https://coinmarketcap.com/currencies/render/,https://coinmarketcap.com/currencies/render/historical-data/,"[{'tag': 'Art', 'url': 'https://coinmarketcap.com/view/art/'}, {'tag': 'Media', 'url': 'https://coinmarketcap.com/view/media/'}, {'tag': 'VR/AR', 'url': 'https://coinmarketcap.com/view/vr-ar/'}]",
62,ApeCoin,APE,https://coinmarketcap.com/currencies/apecoin-ape/,https://coinmarketcap.com/currencies/apecoin-ape/historical-data/,"[{'tag': 'Collectibles & NFTs', 'url': 'https://coinmarketcap.com/view/collectibles-nfts/'}, {'tag': 'Content Creation', 'url': 'https://coinmarketcap.com/view/content-creation/'}, {'tag': 'Gaming', 'url': 'https://coinmarketcap.com/view/gaming/'}]",
63,Pax Dollar,USDP,https://coinmarketcap.com/currencies/paxos-standard/,https://coinmarketcap.com/currencies/paxos-standard/historical-data/,"[{'tag': 'Store Of Value', 'url': 'https://coinmarketcap.com/view/store-of-value/'}, {'tag': 'Stablecoin', 'url': 'https://coinmarketcap.com/view/stablecoin/'}, {'tag': 'Asset-Backed Stablecoin', 'url': 'https://coinmarketcap.com/view/asset-backed-stablecoin/'}]",https://github.com/paxosglobal/pax-contracts
64,Neo,NEO,https://coinmarketcap.com/currencies/neo/,https://coinmarketcap.com/currencies/neo/historical-data/,"[{'tag': 'Platform', 'url': 'https://coinmarketcap.com/view/platform/'}, {'tag': 'Enterprise Solutions', 'url': 'https://coinmarketcap.com/view/enterprise-solutions/'}, {'tag': 'Smart Contracts', 'url': 'https://coinmarketcap.com/view/smart-contracts/'}]",https://github.com/neo-project/neo
65,THORChain,RUNE,https://coinmarketcap.com/currencies/thorchain/,https://coinmarketcap.com/currencies/thorchain/historical-data/,"[{'tag': 'Cosmos Ecosystem', 'url': 'https://coinmarketcap.com/view/cosmos-ecosystem/'}, {'tag': 'Decentralized Exchange (DEX) Token', 'url': 'https://coinmarketcap.com/view/decentralized-exchange-dex-token/'}, {'tag': 'DeFi', 'url': 'https://coinmarketcap.com/view/defi/'}]",https://github.com/thorchain
66,Kava,KAVA,https://coinmarketcap.com/currencies/kava/,https://coinmarketcap.com/currencies/kava/historical-data/,"[{'tag': 'Cosmos Ecosystem', 'url': 'https://coinmarketcap.com/view/cosmos-ecosystem/'}, {'tag': 'DeFi', 'url': 'https://coinmarketcap.com/view/defi/'}, {'tag': 'Binance Launchpad', 'url': 'https://coinmarketcap.com/view/binance-launchpad/'}]",https://github.com/kava-labs
67,PAX Gold,PAXG,https://coinmarketcap.com/currencies/pax-gold/,https://coinmarketcap.com/currencies/pax-gold/historical-data/,"[{'tag': 'BNB Chain', 'url': 'https://coinmarketcap.com/view/bnb-chain/'}, {'tag': 'Tokenized Gold', 'url': 'https://coinmarketcap.com/view/tokenized-gold/'}]",https://github.com/paxosglobal/paxos-gold-contract
68,Tether Gold,XAUt,https://coinmarketcap.com/currencies/tether-gold/,https://coinmarketcap.com/currencies/tether-gold/historical-data/,"[{'tag': 'Tokenized Gold', 'url': 'https://coinmarketcap.com/view/tokenized-gold/'}]",
69,eCash,XEC,https://coinmarketcap.com/currencies/ecash/,https://coinmarketcap.com/currencies/ecash/historical-data/,"[{'tag': 'Layer 1', 'url': 'https://coinmarketcap.com/view/layer-1/'}]",https://github.com/bitcoin-abc
70,Flow,FLOW,https://coinmarketcap.com/currencies/flow/,https://coinmarketcap.com/currencies/flow/historical-data/,"[{'tag': 'Platform', 'url': 'https://coinmarketcap.com/view/platform/'}, {'tag': 'Collectibles & NFTs', 'url': 'https://coinmarketcap.com/view/collectibles-nfts/'}, {'tag': 'Staking', 'url': 'https://coinmarketcap.com/view/staking/'}]",https://github.com/onflow
71,Rocket Pool,RPL,https://coinmarketcap.com/currencies/rocket-pool/,https://coinmarketcap.com/currencies/rocket-pool/historical-data/,"[{'tag': 'DeFi', 'url': 'https://coinmarketcap.com/view/defi/'}, {'tag': 'Liquid Staking Derivatives', 'url': 'https://coinmarketcap.com/view/liquid-staking-derivatives/'}]",https://github.com/rocket-pool/rocketpool
72,Chiliz,CHZ,https://coinmarketcap.com/currencies/chiliz/,https://coinmarketcap.com/currencies/chiliz/historical-data/,"[{'tag': 'Sports', 'url': 'https://coinmarketcap.com/view/sports/'}, {'tag': 'Collectibles & NFTs', 'url': 'https://coinmarketcap.com/view/collectibles-nfts/'}, {'tag': 'Content Creation', 'url': 'https://coinmarketcap.com/view/content-creation/'}]",
73,Gala,GALA,https://coinmarketcap.com/currencies/gala/,https://coinmarketcap.com/currencies/gala/historical-data/,"[{'tag': 'Collectibles & NFTs', 'url': 'https://coinmarketcap.com/view/collectibles-nfts/'}, {'tag': 'Gaming', 'url': 'https://coinmarketcap.com/view/gaming/'}, {'tag': 'BNB Smart Chain', 'url': 'https://coinmarketcap.com/view/binance-smart-chain/'}]",
74,Klaytn,KLAY,https://coinmarketcap.com/currencies/klaytn/,https://coinmarketcap.com/currencies/klaytn/historical-data/,"[{'tag': 'Platform', 'url': 'https://coinmarketcap.com/view/platform/'}, {'tag': 'Enterprise Solutions', 'url': 'https://coinmarketcap.com/view/enterprise-solutions/'}, {'tag': 'Injective Ecosystem', 'url': 'https://coinmarketcap.com/view/injective-ecosystem/'}]",https://github.com/klaytn/klaytn
75,KuCoin Token,KCS,https://coinmarketcap.com/currencies/kucoin-token/,https://coinmarketcap.com/currencies/kucoin-token/historical-data/,"[{'tag': 'Marketplace', 'url': 'https://coinmarketcap.com/view/marketplace/'}, {'tag': 'Centralized Exchange (CEX) Token', 'url': 'https://coinmarketcap.com/view/centralized-exchange/'}, {'tag': 'Discount Token', 'url': 'https://coinmarketcap.com/view/discount-token/'}]",
76,Frax Share,FXS,https://coinmarketcap.com/currencies/frax-share/,https://coinmarketcap.com/currencies/frax-share/historical-data/,"[{'tag': 'DeFi', 'url': 'https://coinmarketcap.com/view/defi/'}, {'tag': 'Seigniorage', 'url': 'https://coinmarketcap.com/view/seigniorage/'}, {'tag': 'Avalanche Ecosystem', 'url': 'https://coinmarketcap.com/view/avalanche-ecosystem/'}]",https://github.com/fraxfinance
77,IOTA,MIOTA,https://coinmarketcap.com/currencies/iota/,https://coinmarketcap.com/currencies/iota/historical-data/,"[{'tag': 'DAG', 'url': 'https://coinmarketcap.com/view/dag/'}, {'tag': 'Medium of Exchange', 'url': 'https://coinmarketcap.com/view/medium-of-exchange/'}, {'tag': 'IoT', 'url': 'https://coinmarketcap.com/view/iot/'}]",https://github.com/iotaledger
78,Zcash,ZEC,https://coinmarketcap.com/currencies/zcash/,https://coinmarketcap.com/currencies/zcash/historical-data/,"[{'tag': 'Mineable', 'url': 'https://coinmarketcap.com/view/mineable/'}, {'tag': 'PoW', 'url': 'https://coinmarketcap.com/view/pow/'}, {'tag': 'Equihash', 'url': 'https://coinmarketcap.com/view/equihash/'}]",https://github.com/zcash/zcash
79,Casper,CSPR,https://coinmarketcap.com/currencies/casper/,https://coinmarketcap.com/currencies/casper/historical-data/,"[{'tag': 'Enterprise Solutions', 'url': 'https://coinmarketcap.com/view/enterprise-solutions/'}, {'tag': 'Arrington XRP Capital Portfolio', 'url': 'https://coinmarketcap.com/view/arrington-xrp-capital-portfolio/'}, {'tag': 'Hashkey Capital Portfolio', 'url': 'https://coinmarketcap.com/view/hashkey-capital-portfolio/'}]",https://github.com/casper-network/
80,Sui,SUI,https://coinmarketcap.com/currencies/sui/,https://coinmarketcap.com/currencies/sui/historical-data/,"[{'tag': 'Binance Launchpool', 'url': 'https://coinmarketcap.com/view/binance-launchpool/'}, {'tag': 'Coinbase Ventures Portfolio', 'url': 'https://coinmarketcap.com/view/coinbase-ventures-portfolio/'}, {'tag': 'Binance Labs Portfolio', 'url': 'https://coinmarketcap.com/view/binance-labs-portfolio/'}]",https://github.com/MystenLabs
81,Huobi Token,HT,https://coinmarketcap.com/currencies/huobi-token/,https://coinmarketcap.com/currencies/huobi-token/historical-data/,"[{'tag': 'Marketplace', 'url': 'https://coinmarketcap.com/view/marketplace/'}, {'tag': 'Centralized Exchange (CEX) Token', 'url': 'https://coinmarketcap.com/view/centralized-exchange/'}, {'tag': 'Discount Token', 'url': 'https://coinmarketcap.com/view/discount-token/'}]",
82,BitTorrent(New),BTT,https://coinmarketcap.com/currencies/bittorrent-new/,https://coinmarketcap.com/currencies/bittorrent-new/historical-data/,"[{'tag': 'Platform', 'url': 'https://coinmarketcap.com/view/platform/'}, {'tag': 'Distributed Computing', 'url': 'https://coinmarketcap.com/view/distributed-computing/'}, {'tag': 'Filesharing', 'url': 'https://coinmarketcap.com/view/filesharing/'}]",https://github.com/bittorrent
83,Curve DAO Token,CRV,https://coinmarketcap.com/currencies/curve-dao-token/,https://coinmarketcap.com/currencies/curve-dao-token/historical-data/,"[{'tag': 'Decentralized Exchange (DEX) Token', 'url': 'https://coinmarketcap.com/view/decentralized-exchange-dex-token/'}, {'tag': 'DeFi', 'url': 'https://coinmarketcap.com/view/defi/'}, {'tag': 'DAO', 'url': 'https://coinmarketcap.com/view/dao/'}]",https://github.com/curvefi/curve-contract
84,Conflux,CFX,https://coinmarketcap.com/currencies/conflux-network/,https://coinmarketcap.com/currencies/conflux-network/historical-data/,"[{'tag': 'Mineable', 'url': 'https://coinmarketcap.com/view/mineable/'}, {'tag': 'PoW', 'url': 'https://coinmarketcap.com/view/pow/'}, {'tag': 'Platform', 'url': 'https://coinmarketcap.com/view/platform/'}]",https://github.com/Conflux-Chain
85,Mina,MINA,https://coinmarketcap.com/currencies/mina/,https://coinmarketcap.com/currencies/mina/historical-data/,"[{'tag': 'PoS', 'url': 'https://coinmarketcap.com/view/pos/'}, {'tag': 'Zero Knowledge Proofs', 'url': 'https://coinmarketcap.com/view/zero-knowledge-proofs/'}, {'tag': 'Staking', 'url': 'https://coinmarketcap.com/view/staking/'}]",https://github.com/MinaProtocol/mina
86,GateToken,GT,https://coinmarketcap.com/currencies/gatetoken/,https://coinmarketcap.com/currencies/gatetoken/historical-data/,"[{'tag': 'Marketplace', 'url': 'https://coinmarketcap.com/view/marketplace/'}, {'tag': 'Centralized Exchange (CEX) Token', 'url': 'https://coinmarketcap.com/view/centralized-exchange/'}, {'tag': 'Discount Token', 'url': 'https://coinmarketcap.com/view/discount-token/'}]",https://github.com/gatechain
87,Terra Classic,LUNC,https://coinmarketcap.com/currencies/terra-luna/,https://coinmarketcap.com/currencies/terra-luna/historical-data/,"[{'tag': 'Cosmos Ecosystem', 'url': 'https://coinmarketcap.com/view/cosmos-ecosystem/'}, {'tag': 'Store Of Value', 'url': 'https://coinmarketcap.com/view/store-of-value/'}, {'tag': 'DeFi', 'url': 'https://coinmarketcap.com/view/defi/'}]",https://github.com/terra-money/core
88,Trust Wallet Token,TWT,https://coinmarketcap.com/currencies/trust-wallet-token/,https://coinmarketcap.com/currencies/trust-wallet-token/historical-data/,"[{'tag': 'Wallet', 'url': 'https://coinmarketcap.com/view/wallet/'}, {'tag': 'Polygon Ecosystem', 'url': 'https://coinmarketcap.com/view/polygon-ecosystem/'}, {'tag': 'BNB Chain', 'url': 'https://coinmarketcap.com/view/bnb-chain/'}]",https://github.com/trustwallet
89,Pepe,PEPE,https://coinmarketcap.com/currencies/pepe/,https://coinmarketcap.com/currencies/pepe/historical-data/,"[{'tag': 'Memes', 'url': 'https://coinmarketcap.com/view/memes/'}]",
90,dYdX,DYDX,https://coinmarketcap.com/currencies/dydx/,https://coinmarketcap.com/currencies/dydx/historical-data/,"[{'tag': 'DeFi', 'url': 'https://coinmarketcap.com/view/defi/'}, {'tag': 'Derivatives', 'url': 'https://coinmarketcap.com/view/derivatives/'}, {'tag': 'Zero Knowledge Proofs', 'url': 'https://coinmarketcap.com/view/zero-knowledge-proofs/'}]",https://github.com/dydxfoundation/
91,Compound,COMP,https://coinmarketcap.com/currencies/compound/,https://coinmarketcap.com/currencies/compound/historical-data/,"[{'tag': 'DeFi', 'url': 'https://coinmarketcap.com/view/defi/'}, {'tag': 'DAO', 'url': 'https://coinmarketcap.com/view/dao/'}, {'tag': 'Yield Farming', 'url': 'https://coinmarketcap.com/view/yield-farming/'}]",https://github.com/compound-finance/compound-protocol
92,Nexo,NEXO,https://coinmarketcap.com/currencies/nexo/,https://coinmarketcap.com/currencies/nexo/historical-data/,"[{'tag': 'Services', 'url': 'https://coinmarketcap.com/view/services/'}, {'tag': 'Payments', 'url': 'https://coinmarketcap.com/view/payments/'}, {'tag': 'Cardano Ecosystem', 'url': 'https://coinmarketcap.com/view/cardano-ecosystem/'}]",https://github.com/nexofinance/NEXO-Token/
93,GMX,GMX,https://coinmarketcap.com/currencies/gmx/,https://coinmarketcap.com/currencies/gmx/historical-data/,"[{'tag': 'Derivatives', 'url': 'https://coinmarketcap.com/view/derivatives/'}, {'tag': 'DEX', 'url': 'https://coinmarketcap.com/view/dex/'}, {'tag': 'Avalanche Ecosystem', 'url': 'https://coinmarketcap.com/view/avalanche-ecosystem/'}]",
94,Bone ShibaSwap,BONE,https://coinmarketcap.com/currencies/bone-shibaswap/,https://coinmarketcap.com/currencies/bone-shibaswap/historical-data/,"[{'tag': 'Memes', 'url': 'https://coinmarketcap.com/view/memes/'}, {'tag': 'Doggone Doggerel', 'url': 'https://coinmarketcap.com/view/doggone-doggerel/'}]",
95,APENFT,NFT,https://coinmarketcap.com/currencies/apenft/,https://coinmarketcap.com/currencies/apenft/historical-data/,"[{'tag': 'Art', 'url': 'https://coinmarketcap.com/view/art/'}, {'tag': 'Collectibles & NFTs', 'url': 'https://coinmarketcap.com/view/collectibles-nfts/'}, {'tag': 'TRON Ecosystem', 'url': 'https://coinmarketcap.com/view/tron-ecosystem/'}]",
96,WOO Network,WOO,https://coinmarketcap.com/currencies/wootrade/,https://coinmarketcap.com/currencies/wootrade/historical-data/,"[{'tag': 'Centralized Exchange (CEX) Token', 'url': 'https://coinmarketcap.com/view/centralized-exchange/'}, {'tag': 'Three Arrows Capital Portfolio', 'url': 'https://coinmarketcap.com/view/three-arrows-capital-portfolio/'}, {'tag': 'Exnetwork Capital Portfolio', 'url': 'https://coinmarketcap.com/view/exnetwork-capital-portfolio/'}]",
97,Gemini Dollar,GUSD,https://coinmarketcap.com/currencies/gemini-dollar/,https://coinmarketcap.com/currencies/gemini-dollar/historical-data/,"[{'tag': 'Store Of Value', 'url': 'https://coinmarketcap.com/view/store-of-value/'}, {'tag': 'Stablecoin', 'url': 'https://coinmarketcap.com/view/stablecoin/'}, {'tag': 'Asset-Backed Stablecoin', 'url': 'https://coinmarketcap.com/view/asset-backed-stablecoin/'}]",https://github.com/gemini/dollar
98,Flare,FLR,https://coinmarketcap.com/currencies/flare/,https://coinmarketcap.com/currencies/flare/historical-data/,"[{'tag': 'DWF Labs Portfolio', 'url': 'https://coinmarketcap.com/view/dwf-labs-portfolio/'}]",https://github.com/flare-foundation/
99,Astar,ASTR,https://coinmarketcap.com/currencies/astar/,https://coinmarketcap.com/currencies/astar/historical-data/,"[{'tag': 'Polkadot', 'url': 'https://coinmarketcap.com/view/polkadot/'}, {'tag': 'Polkadot Ecosystem', 'url': 'https://coinmarketcap.com/view/polkadot-ecosystem/'}, {'tag': 'OKEx Blockdream Ventures Portfolio', 'url': 'https://coinmarketcap.com/view/okex-blockdream-ventures-portfolio/'}]",https://github.com/AstarNetwork/Astar
100,Dash,DASH,https://coinmarketcap.com/currencies/dash/,https://coinmarketcap.com/currencies/dash/historical-data/,"[{'tag': 'Mineable', 'url': 'https://coinmarketcap.com/view/mineable/'}, {'tag': 'Hybrid - PoW & PoS', 'url': 'https://coinmarketcap.com/view/hybrid-pow-pos/'}, {'tag': 'X11', 'url': 'https://coinmarketcap.com/view/x11/'}]",https://github.com/dashpay/dash
101,Akash Network,AKT,https://coinmarketcap.com/currencies/akash-network/,https://coinmarketcap.com/currencies/akash-network/historical-data/,"[{'tag': 'Cosmos Ecosystem', 'url': 'https://coinmarketcap.com/view/cosmos-ecosystem/'}, {'tag': 'AI & Big Data', 'url': 'https://coinmarketcap.com/view/ai-big-data/'}, {'tag': 'Distributed Computing', 'url': 'https://coinmarketcap.com/view/distributed-computing/'}]",
102,PancakeSwap,CAKE,https://coinmarketcap.com/currencies/pancakeswap/,https://coinmarketcap.com/currencies/pancakeswap/historical-data/,"[{'tag': 'Collectibles & NFTs', 'url': 'https://coinmarketcap.com/view/collectibles-nfts/'}, {'tag': 'Decentralized Exchange (DEX) Token', 'url': 'https://coinmarketcap.com/view/decentralized-exchange-dex-token/'}, {'tag': 'DeFi', 'url': 'https://coinmarketcap.com/view/defi/'}]",https://github.com/pancakeswap
103,MX TOKEN,MX,https://coinmarketcap.com/currencies/mx-token/,https://coinmarketcap.com/currencies/mx-token/historical-data/,"[{'tag': 'Marketplace', 'url': 'https://coinmarketcap.com/view/marketplace/'}, {'tag': 'Centralized Exchange (CEX) Token', 'url': 'https://coinmarketcap.com/view/centralized-exchange/'}, {'tag': 'Discount Token', 'url': 'https://coinmarketcap.com/view/discount-token/'}]",
104,Arweave,AR,https://coinmarketcap.com/currencies/arweave/,https://coinmarketcap.com/currencies/arweave/historical-data/,"[{'tag': 'Distributed Computing', 'url': 'https://coinmarketcap.com/view/distributed-computing/'}, {'tag': 'Filesharing', 'url': 'https://coinmarketcap.com/view/filesharing/'}, {'tag': 'Storage', 'url': 'https://coinmarketcap.com/view/storage/'}]",https://github.com/ArweaveTeam/arweave
105,Zilliqa,ZIL,https://coinmarketcap.com/currencies/zilliqa/,https://coinmarketcap.com/currencies/zilliqa/historical-data/,"[{'tag': 'Mineable', 'url': 'https://coinmarketcap.com/view/mineable/'}, {'tag': 'Platform', 'url': 'https://coinmarketcap.com/view/platform/'}, {'tag': 'Payments', 'url': 'https://coinmarketcap.com/view/payments/'}]",https://github.com/Zilliqa/Zilliqa
106,Oasis Network,ROSE,https://coinmarketcap.com/currencies/oasis-network/,https://coinmarketcap.com/currencies/oasis-network/historical-data/,"[{'tag': 'Cosmos Ecosystem', 'url': 'https://coinmarketcap.com/view/cosmos-ecosystem/'}, {'tag': 'AI & Big Data', 'url': 'https://coinmarketcap.com/view/ai-big-data/'}, {'tag': 'Collectibles & NFTs', 'url': 'https://coinmarketcap.com/view/collectibles-nfts/'}]",https://github.com/oasisprotocol/oasis-core
107,Gnosis,GNO,https://coinmarketcap.com/currencies/gnosis-gno/,https://coinmarketcap.com/currencies/gnosis-gno/historical-data/,"[{'tag': 'Services', 'url': 'https://coinmarketcap.com/view/services/'}, {'tag': 'Decentralized Exchange (DEX) Token', 'url': 'https://coinmarketcap.com/view/decentralized-exchange-dex-token/'}, {'tag': 'DeFi', 'url': 'https://coinmarketcap.com/view/defi/'}]",
108,Basic Attention Token,BAT,https://coinmarketcap.com/currencies/basic-attention-token/,https://coinmarketcap.com/currencies/basic-attention-token/historical-data/,"[{'tag': 'Marketing', 'url': 'https://coinmarketcap.com/view/marketing/'}, {'tag': 'Content Creation', 'url': 'https://coinmarketcap.com/view/content-creation/'}, {'tag': 'DeFi', 'url': 'https://coinmarketcap.com/view/defi/'}]",https://github.com/brave-intl/bat-ledger
109,SafePal,SFP,https://coinmarketcap.com/currencies/safepal/,https://coinmarketcap.com/currencies/safepal/historical-data/,"[{'tag': 'Wallet', 'url': 'https://coinmarketcap.com/view/wallet/'}, {'tag': 'Binance Launchpad', 'url': 'https://coinmarketcap.com/view/binance-launchpad/'}, {'tag': 'Injective Ecosystem', 'url': 'https://coinmarketcap.com/view/injective-ecosystem/'}]",https://github.com/SafePalWallet
110,1inch Network,1INCH,https://coinmarketcap.com/currencies/1inch/,https://coinmarketcap.com/currencies/1inch/historical-data/,"[{'tag': 'Decentralized Exchange (DEX) Token', 'url': 'https://coinmarketcap.com/view/decentralized-exchange-dex-token/'}, {'tag': 'DeFi', 'url': 'https://coinmarketcap.com/view/defi/'}, {'tag': 'Wallet', 'url': 'https://coinmarketcap.com/view/wallet/'}]",https://github.com/1inch
111,Sei,SEI,https://coinmarketcap.com/currencies/sei/,https://coinmarketcap.com/currencies/sei/historical-data/,"[{'tag': 'Coinbase Ventures Portfolio', 'url': 'https://coinmarketcap.com/view/coinbase-ventures-portfolio/'}, {'tag': 'Multicoin Capital Portfolio', 'url': 'https://coinmarketcap.com/view/multicoin-capital-portfolio/'}, {'tag': 'Layer 1', 'url': 'https://coinmarketcap.com/view/layer-1/'}]",https://github.com/sei-protocol
112,Chia,XCH,https://coinmarketcap.com/currencies/chia-network/,https://coinmarketcap.com/currencies/chia-network/historical-data/,[],https://github.com/Chia-Network/chia-blockchain
113,Loopring,LRC,https://coinmarketcap.com/currencies/loopring/,https://coinmarketcap.com/currencies/loopring/historical-data/,"[{'tag': 'Marketplace', 'url': 'https://coinmarketcap.com/view/marketplace/'}, {'tag': 'Decentralized Exchange (DEX) Token', 'url': 'https://coinmarketcap.com/view/decentralized-exchange-dex-token/'}, {'tag': 'DeFi', 'url': 'https://coinmarketcap.com/view/defi/'}]",https://github.com/loopring
114,Enjin Coin,ENJ,https://coinmarketcap.com/currencies/enjin-coin/,https://coinmarketcap.com/currencies/enjin-coin/historical-data/,"[{'tag': 'Media', 'url': 'https://coinmarketcap.com/view/media/'}, {'tag': 'Collectibles & NFTs', 'url': 'https://coinmarketcap.com/view/collectibles-nfts/'}, {'tag': 'Gaming', 'url': 'https://coinmarketcap.com/view/gaming/'}]",https://github.com/enjin/
115,Helium,HNT,https://coinmarketcap.com/currencies/helium/,https://coinmarketcap.com/currencies/helium/historical-data/,"[{'tag': 'Mineable', 'url': 'https://coinmarketcap.com/view/mineable/'}, {'tag': 'Enterprise Solutions', 'url': 'https://coinmarketcap.com/view/enterprise-solutions/'}, {'tag': 'Distributed Computing', 'url': 'https://coinmarketcap.com/view/distributed-computing/'}]",https://github.com/helium/
116,Qtum,QTUM,https://coinmarketcap.com/currencies/qtum/,https://coinmarketcap.com/currencies/qtum/historical-data/,"[{'tag': 'Platform', 'url': 'https://coinmarketcap.com/view/platform/'}, {'tag': 'Smart Contracts', 'url': 'https://coinmarketcap.com/view/smart-contracts/'}, {'tag': 'Kenetic Capital Portfolio', 'url': 'https://coinmarketcap.com/view/kenetic-capital-portfolio/'}]",https://github.com/qtumproject/qtum/
117,Ethereum Name Service,ENS,https://coinmarketcap.com/currencies/ethereum-name-service/,https://coinmarketcap.com/currencies/ethereum-name-service/historical-data/,"[{'tag': 'DAO', 'url': 'https://coinmarketcap.com/view/dao/'}, {'tag': 'Governance', 'url': 'https://coinmarketcap.com/view/governance/'}, {'tag': 'Web3', 'url': 'https://coinmarketcap.com/view/web3/'}]",https://github.com/ensdomains
118,NEM,XEM,https://coinmarketcap.com/currencies/nem/,https://coinmarketcap.com/currencies/nem/historical-data/,"[{'tag': 'PoI', 'url': 'https://coinmarketcap.com/view/poi/'}, {'tag': 'Medium of Exchange', 'url': 'https://coinmarketcap.com/view/medium-of-exchange/'}, {'tag': 'Payments', 'url': 'https://coinmarketcap.com/view/payments/'}]",https://github.com/NemProject
119,Bitcoin Gold,BTG,https://coinmarketcap.com/currencies/bitcoin-gold/,https://coinmarketcap.com/currencies/bitcoin-gold/historical-data/,"[{'tag': 'Mineable', 'url': 'https://coinmarketcap.com/view/mineable/'}, {'tag': 'Medium of Exchange', 'url': 'https://coinmarketcap.com/view/medium-of-exchange/'}, {'tag': 'Payments', 'url': 'https://coinmarketcap.com/view/payments/'}]",https://github.com/BTCGPU/BTCGPU
120,SingularityNET,AGIX,https://coinmarketcap.com/currencies/singularitynet/,https://coinmarketcap.com/currencies/singularitynet/historical-data/,"[{'tag': 'Marketplace', 'url': 'https://coinmarketcap.com/view/marketplace/'}, {'tag': 'AI & Big Data', 'url': 'https://coinmarketcap.com/view/ai-big-data/'}, {'tag': 'Payments', 'url': 'https://coinmarketcap.com/view/payments/'}]",https://github.com/singnet/
121,Convex Finance,CVX,https://coinmarketcap.com/currencies/convex-finance/,https://coinmarketcap.com/currencies/convex-finance/historical-data/,"[{'tag': 'DeFi', 'url': 'https://coinmarketcap.com/view/defi/'}, {'tag': 'Yield Aggregator', 'url': 'https://coinmarketcap.com/view/yield-aggregator/'}]",https://github.com/convex-eth/platform
122,Mask Network,MASK,https://coinmarketcap.com/currencies/mask-network/,https://coinmarketcap.com/currencies/mask-network/historical-data/,"[{'tag': 'Communications & Social Media', 'url': 'https://coinmarketcap.com/view/communications-social-media/'}, {'tag': 'Collectibles & NFTs', 'url': 'https://coinmarketcap.com/view/collectibles-nfts/'}, {'tag': 'Content Creation', 'url': 'https://coinmarketcap.com/view/content-creation/'}]",https://github.com/DimensionDev/Maskbook
123,Celo,CELO,https://coinmarketcap.com/currencies/celo/,https://coinmarketcap.com/currencies/celo/historical-data/,"[{'tag': 'PoS', 'url': 'https://coinmarketcap.com/view/pos/'}, {'tag': 'Zero Knowledge Proofs', 'url': 'https://coinmarketcap.com/view/zero-knowledge-proofs/'}, {'tag': 'Mobile', 'url': 'https://coinmarketcap.com/view/mobile/'}]",https://github.com/celo-org/celo-monorepo/
124,Theta Fuel,TFUEL,https://coinmarketcap.com/currencies/theta-fuel/,https://coinmarketcap.com/currencies/theta-fuel/historical-data/,"[{'tag': 'Media', 'url': 'https://coinmarketcap.com/view/media/'}, {'tag': 'Content Creation', 'url': 'https://coinmarketcap.com/view/content-creation/'}, {'tag': 'DeFi', 'url': 'https://coinmarketcap.com/view/defi/'}]",https://github.com/thetatoken/theta-protocol-ledger
125,Decred,DCR,https://coinmarketcap.com/currencies/decred/,https://coinmarketcap.com/currencies/decred/historical-data/,"[{'tag': 'Mineable', 'url': 'https://coinmarketcap.com/view/mineable/'}, {'tag': 'Hybrid - PoW & PoS', 'url': 'https://coinmarketcap.com/view/hybrid-pow-pos/'}, {'tag': 'BLAKE256', 'url': 'https://coinmarketcap.com/view/blake256/'}]",https://github.com/decred/
126,Ankr,ANKR,https://coinmarketcap.com/currencies/ankr/,https://coinmarketcap.com/currencies/ankr/historical-data/,"[{'tag': 'Platform', 'url': 'https://coinmarketcap.com/view/platform/'}, {'tag': 'Cosmos Ecosystem', 'url': 'https://coinmarketcap.com/view/cosmos-ecosystem/'}, {'tag': 'Enterprise Solutions', 'url': 'https://coinmarketcap.com/view/enterprise-solutions/'}]",https://github.com/Ankr-network
127,Ravencoin,RVN,https://coinmarketcap.com/currencies/ravencoin/,https://coinmarketcap.com/currencies/ravencoin/historical-data/,"[{'tag': 'Mineable', 'url': 'https://coinmarketcap.com/view/mineable/'}, {'tag': 'PoW', 'url': 'https://coinmarketcap.com/view/pow/'}, {'tag': 'Platform', 'url': 'https://coinmarketcap.com/view/platform/'}]",https://github.com/RavenProject/Ravencoin
128,Osmosis,OSMO,https://coinmarketcap.com/currencies/osmosis/,https://coinmarketcap.com/currencies/osmosis/historical-data/,"[{'tag': 'Cosmos Ecosystem', 'url': 'https://coinmarketcap.com/view/cosmos-ecosystem/'}, {'tag': 'Injective Ecosystem', 'url': 'https://coinmarketcap.com/view/injective-ecosystem/'}]",https://github.com/osmosis-labs/osmosis
129,Ocean Protocol,OCEAN,https://coinmarketcap.com/currencies/ocean-protocol/,https://coinmarketcap.com/currencies/ocean-protocol/historical-data/,"[{'tag': 'Platform', 'url': 'https://coinmarketcap.com/view/platform/'}, {'tag': 'AI & Big Data', 'url': 'https://coinmarketcap.com/view/ai-big-data/'}, {'tag': 'DeFi', 'url': 'https://coinmarketcap.com/view/defi/'}]",https://github.com/oceanprotocol
130,yearn.finance,YFI,https://coinmarketcap.com/currencies/yearn-finance/,https://coinmarketcap.com/currencies/yearn-finance/historical-data/,"[{'tag': 'DeFi', 'url': 'https://coinmarketcap.com/view/defi/'}, {'tag': 'DAO', 'url': 'https://coinmarketcap.com/view/dao/'}, {'tag': 'Yield Farming', 'url': 'https://coinmarketcap.com/view/yield-farming/'}]",https://github.com/yearn/iearn-finance
131,Livepeer,LPT,https://coinmarketcap.com/currencies/livepeer/,https://coinmarketcap.com/currencies/livepeer/historical-data/,"[{'tag': 'Coinfund Portfolio', 'url': 'https://coinmarketcap.com/view/coinfund-portfolio/'}, {'tag': 'DCG Portfolio', 'url': 'https://coinmarketcap.com/view/dcg-portfolio/'}, {'tag': 'Pantera Capital Portfolio', 'url': 'https://coinmarketcap.com/view/pantera-capital-portfolio/'}]",https://github.com/livepeer
132,Holo,HOT,https://coinmarketcap.com/currencies/holo/,https://coinmarketcap.com/currencies/holo/historical-data/,"[{'tag': 'Platform', 'url': 'https://coinmarketcap.com/view/platform/'}, {'tag': 'Distributed Computing', 'url': 'https://coinmarketcap.com/view/distributed-computing/'}, {'tag': 'Filesharing', 'url': 'https://coinmarketcap.com/view/filesharing/'}]",https://github.com/holochain/holochain-rust
133,JUST,JST,https://coinmarketcap.com/currencies/just/,https://coinmarketcap.com/currencies/just/historical-data/,"[{'tag': 'DeFi', 'url': 'https://coinmarketcap.com/view/defi/'}, {'tag': 'TRON Ecosystem', 'url': 'https://coinmarketcap.com/view/tron-ecosystem/'}]",
134,STEPN,GMT,https://coinmarketcap.com/currencies/green-metaverse-token/,https://coinmarketcap.com/currencies/green-metaverse-token/historical-data/,"[{'tag': 'Collectibles & NFTs', 'url': 'https://coinmarketcap.com/view/collectibles-nfts/'}, {'tag': 'Gaming', 'url': 'https://coinmarketcap.com/view/gaming/'}, {'tag': 'BNB Smart Chain', 'url': 'https://coinmarketcap.com/view/binance-smart-chain/'}]",
135,Balancer,BAL,https://coinmarketcap.com/currencies/balancer/,https://coinmarketcap.com/currencies/balancer/historical-data/,"[{'tag': 'Decentralized Exchange (DEX) Token', 'url': 'https://coinmarketcap.com/view/decentralized-exchange-dex-token/'}, {'tag': 'DeFi', 'url': 'https://coinmarketcap.com/view/defi/'}, {'tag': 'DAO', 'url': 'https://coinmarketcap.com/view/dao/'}]",https://github.com/balancer-labs
136,aelf,ELF,https://coinmarketcap.com/currencies/aelf/,https://coinmarketcap.com/currencies/aelf/historical-data/,"[{'tag': 'Marketplace', 'url': 'https://coinmarketcap.com/view/marketplace/'}, {'tag': 'Enterprise Solutions', 'url': 'https://coinmarketcap.com/view/enterprise-solutions/'}, {'tag': 'Arrington XRP Capital Portfolio', 'url': 'https://coinmarketcap.com/view/arrington-xrp-capital-portfolio/'}]",https://github.com/aelfProject
137,Fetch.ai,FET,https://coinmarketcap.com/currencies/fetch/,https://coinmarketcap.com/currencies/fetch/historical-data/,"[{'tag': 'Cosmos Ecosystem', 'url': 'https://coinmarketcap.com/view/cosmos-ecosystem/'}, {'tag': 'AI & Big Data', 'url': 'https://coinmarketcap.com/view/ai-big-data/'}, {'tag': 'Collectibles & NFTs', 'url': 'https://coinmarketcap.com/view/collectibles-nfts/'}]",https://github.com/fetchai
138,Blur,BLUR,https://coinmarketcap.com/currencies/blur-token/,https://coinmarketcap.com/currencies/blur-token/historical-data/,[],
139,Waves,WAVES,https://coinmarketcap.com/currencies/waves/,https://coinmarketcap.com/currencies/waves/historical-data/,"[{'tag': 'LPoS', 'url': 'https://coinmarketcap.com/view/lpos/'}, {'tag': 'Platform', 'url': 'https://coinmarketcap.com/view/platform/'}, {'tag': 'Smart Contracts', 'url': 'https://coinmarketcap.com/view/smart-contracts/'}]",https://github.com/wavesplatform/
140,Golem,GLM,https://coinmarketcap.com/currencies/golem-network-tokens/,https://coinmarketcap.com/currencies/golem-network-tokens/historical-data/,"[{'tag': 'Platform', 'url': 'https://coinmarketcap.com/view/platform/'}, {'tag': 'Distributed Computing', 'url': 'https://coinmarketcap.com/view/distributed-computing/'}, {'tag': 'Payments', 'url': 'https://coinmarketcap.com/view/payments/'}]",https://github.com/golemfactory/golem
141,Aragon,ANT,https://coinmarketcap.com/currencies/aragon/,https://coinmarketcap.com/currencies/aragon/historical-data/,"[{'tag': 'Platform', 'url': 'https://coinmarketcap.com/view/platform/'}, {'tag': 'Enterprise Solutions', 'url': 'https://coinmarketcap.com/view/enterprise-solutions/'}, {'tag': 'DAO', 'url': 'https://coinmarketcap.com/view/dao/'}]",
142,Audius,AUDIO,https://coinmarketcap.com/currencies/audius/,https://coinmarketcap.com/currencies/audius/historical-data/,"[{'tag': 'Music', 'url': 'https://coinmarketcap.com/view/music/'}, {'tag': 'DAO', 'url': 'https://coinmarketcap.com/view/dao/'}, {'tag': 'Coinbase Ventures Portfolio', 'url': 'https://coinmarketcap.com/view/coinbase-ventures-portfolio/'}]",
143,JasmyCoin,JASMY,https://coinmarketcap.com/currencies/jasmy/,https://coinmarketcap.com/currencies/jasmy/historical-data/,"[{'tag': 'IoT', 'url': 'https://coinmarketcap.com/view/iot/'}, {'tag': 'Ethereum Ecosystem', 'url': 'https://coinmarketcap.com/view/ethereum-ecosystem/'}, {'tag': 'DWF Labs Portfolio', 'url': 'https://coinmarketcap.com/view/dwf-labs-portfolio/'}]",
144,FLOKI,FLOKI,https://coinmarketcap.com/currencies/floki-inu/,https://coinmarketcap.com/currencies/floki-inu/historical-data/,"[{'tag': 'Gaming', 'url': 'https://coinmarketcap.com/view/gaming/'}, {'tag': 'Memes', 'url': 'https://coinmarketcap.com/view/memes/'}, {'tag': 'Metaverse', 'url': 'https://coinmarketcap.com/view/metaverse/'}]",https://github.com/floki-inu
145,Threshold,T,https://coinmarketcap.com/currencies/threshold/,https://coinmarketcap.com/currencies/threshold/historical-data/,"[{'tag': 'Bitcoin Ecosystem', 'url': 'https://coinmarketcap.com/view/bitcoin-ecosystem/'}]",https://github.com/threshold-network
146,ICON,ICX,https://coinmarketcap.com/currencies/icon/,https://coinmarketcap.com/currencies/icon/historical-data/,"[{'tag': 'Platform', 'url': 'https://coinmarketcap.com/view/platform/'}, {'tag': 'Enterprise Solutions', 'url': 'https://coinmarketcap.com/view/enterprise-solutions/'}, {'tag': 'Interoperability', 'url': 'https://coinmarketcap.com/view/interoperability/'}]",https://github.com/icon-project
147,Kusama,KSM,https://coinmarketcap.com/currencies/kusama/,https://coinmarketcap.com/currencies/kusama/historical-data/,"[{'tag': 'Substrate', 'url': 'https://coinmarketcap.com/view/substrate/'}, {'tag': 'Polkadot Ecosystem', 'url': 'https://coinmarketcap.com/view/polkadot-ecosystem/'}, {'tag': 'CMS Holdings Portfolio', 'url': 'https://coinmarketcap.com/view/cms-holdings-portfolio/'}]",https://github.com/kusamanetwork
148,Siacoin,SC,https://coinmarketcap.com/currencies/siacoin/,https://coinmarketcap.com/currencies/siacoin/historical-data/,"[{'tag': 'Mineable', 'url': 'https://coinmarketcap.com/view/mineable/'}, {'tag': 'PoW', 'url': 'https://coinmarketcap.com/view/pow/'}, {'tag': 'Blake2b', 'url': 'https://coinmarketcap.com/view/blake2b/'}]",https://github.com/SiaFoundation
149,Worldcoin,WLD,https://coinmarketcap.com/currencies/worldcoin-org/,https://coinmarketcap.com/currencies/worldcoin-org/historical-data/,"[{'tag': 'Privacy', 'url': 'https://coinmarketcap.com/view/privacy/'}, {'tag': 'Zero Knowledge Proofs', 'url': 'https://coinmarketcap.com/view/zero-knowledge-proofs/'}, {'tag': 'Identity', 'url': 'https://coinmarketcap.com/view/identity/'}]",https://github.com/worldcoin
150,Solar,SXP,https://coinmarketcap.com/currencies/sxp/,https://coinmarketcap.com/currencies/sxp/historical-data/,"[{'tag': 'Medium of Exchange', 'url': 'https://coinmarketcap.com/view/medium-of-exchange/'}, {'tag': 'DeFi', 'url': 'https://coinmarketcap.com/view/defi/'}, {'tag': 'Payments', 'url': 'https://coinmarketcap.com/view/payments/'}]",https://github.com/Solar-network
151,Terra,LUNA,https://coinmarketcap.com/currencies/terra-luna-v2/,https://coinmarketcap.com/currencies/terra-luna-v2/historical-data/,"[{'tag': 'Alleged SEC Securities', 'url': 'https://coinmarketcap.com/view/alleged-sec-securities/'}]",https://github.com/terra-money/core
152,Illuvium,ILV,https://coinmarketcap.com/currencies/illuvium/,https://coinmarketcap.com/currencies/illuvium/historical-data/,"[{'tag': 'Collectibles & NFTs', 'url': 'https://coinmarketcap.com/view/collectibles-nfts/'}, {'tag': 'Gaming', 'url': 'https://coinmarketcap.com/view/gaming/'}, {'tag': 'DAO', 'url': 'https://coinmarketcap.com/view/dao/'}]",
153,Hive,HIVE,https://coinmarketcap.com/currencies/hive-blockchain/,https://coinmarketcap.com/currencies/hive-blockchain/historical-data/,"[{'tag': 'DPoS', 'url': 'https://coinmarketcap.com/view/dpos/'}, {'tag': 'Media', 'url': 'https://coinmarketcap.com/view/media/'}, {'tag': 'Content Creation', 'url': 'https://coinmarketcap.com/view/content-creation/'}]",https://github.com/openhive-network/hive
154,0x Protocol,ZRX,https://coinmarketcap.com/currencies/0x/,https://coinmarketcap.com/currencies/0x/historical-data/,"[{'tag': 'Platform', 'url': 'https://coinmarketcap.com/view/platform/'}, {'tag': 'Decentralized Exchange (DEX) Token', 'url': 'https://coinmarketcap.com/view/decentralized-exchange-dex-token/'}, {'tag': 'DeFi', 'url': 'https://coinmarketcap.com/view/defi/'}]",https://github.com/0xProject
155,EthereumPoW,ETHW,https://coinmarketcap.com/currencies/ethereum-pow/,https://coinmarketcap.com/currencies/ethereum-pow/historical-data/,"[{'tag': 'PoW', 'url': 'https://coinmarketcap.com/view/pow/'}]",https://github.com/ethereumpow
156,Ontology,ONT,https://coinmarketcap.com/currencies/ontology/,https://coinmarketcap.com/currencies/ontology/historical-data/,"[{'tag': 'Enterprise Solutions', 'url': 'https://coinmarketcap.com/view/enterprise-solutions/'}, {'tag': 'Identity', 'url': 'https://coinmarketcap.com/view/identity/'}, {'tag': 'Metaverse', 'url': 'https://coinmarketcap.com/view/metaverse/'}]",https://github.com/ontio
157,ssv.network,SSV,https://coinmarketcap.com/currencies/ssv-network/,https://coinmarketcap.com/currencies/ssv-network/historical-data/,[],https://github.com/bloxapp/ssv-web
158,Moonbeam,GLMR,https://coinmarketcap.com/currencies/moonbeam/,https://coinmarketcap.com/currencies/moonbeam/historical-data/,"[{'tag': 'Smart Contracts', 'url': 'https://coinmarketcap.com/view/smart-contracts/'}, {'tag': 'Substrate', 'url': 'https://coinmarketcap.com/view/substrate/'}, {'tag': 'Polkadot', 'url': 'https://coinmarketcap.com/view/polkadot/'}]",https://github.com/PureStake/moonbeam
159,IOST,IOST,https://coinmarketcap.com/currencies/iostoken/,https://coinmarketcap.com/currencies/iostoken/historical-data/,"[{'tag': 'Hardware', 'url': 'https://coinmarketcap.com/view/hardware/'}, {'tag': 'IoT', 'url': 'https://coinmarketcap.com/view/iot/'}, {'tag': 'Huobi Capital Portfolio', 'url': 'https://coinmarketcap.com/view/huobi-capital-portfolio/'}]",
160,Band Protocol,BAND,https://coinmarketcap.com/currencies/band-protocol/,https://coinmarketcap.com/currencies/band-protocol/historical-data/,"[{'tag': 'Cosmos Ecosystem', 'url': 'https://coinmarketcap.com/view/cosmos-ecosystem/'}, {'tag': 'DeFi', 'url': 'https://coinmarketcap.com/view/defi/'}, {'tag': 'Oracles', 'url': 'https://coinmarketcap.com/view/oracles/'}]",https://github.com/bandprotocol
161,Biconomy,BICO,https://coinmarketcap.com/currencies/biconomy/,https://coinmarketcap.com/currencies/biconomy/historical-data/,"[{'tag': 'Platform', 'url': 'https://coinmarketcap.com/view/platform/'}, {'tag': 'Interoperability', 'url': 'https://coinmarketcap.com/view/interoperability/'}, {'tag': 'Coinbase Ventures Portfolio', 'url': 'https://coinmarketcap.com/view/coinbase-ventures-portfolio/'}]",https://github.com/bcnmy
162,Harmony,ONE,https://coinmarketcap.com/currencies/harmony/,https://coinmarketcap.com/currencies/harmony/historical-data/,"[{'tag': 'Platform', 'url': 'https://coinmarketcap.com/view/platform/'}, {'tag': 'Enterprise Solutions', 'url': 'https://coinmarketcap.com/view/enterprise-solutions/'}, {'tag': 'Scaling', 'url': 'https://coinmarketcap.com/view/scaling/'}]",https://github.com/harmony-one
163,WAX,WAXP,https://coinmarketcap.com/currencies/wax/,https://coinmarketcap.com/currencies/wax/historical-data/,"[{'tag': 'Media', 'url': 'https://coinmarketcap.com/view/media/'}, {'tag': 'Collectibles & NFTs', 'url': 'https://coinmarketcap.com/view/collectibles-nfts/'}, {'tag': 'Gaming', 'url': 'https://coinmarketcap.com/view/gaming/'}]",https://github.com/worldwide-asset-exchange/
164,SushiSwap,SUSHI,https://coinmarketcap.com/currencies/sushiswap/,https://coinmarketcap.com/currencies/sushiswap/historical-data/,"[{'tag': 'Collectibles & NFTs', 'url': 'https://coinmarketcap.com/view/collectibles-nfts/'}, {'tag': 'Decentralized Exchange (DEX) Token', 'url': 'https://coinmarketcap.com/view/decentralized-exchange-dex-token/'}, {'tag': 'DeFi', 'url': 'https://coinmarketcap.com/view/defi/'}]",https://github.com/sushiswap/sushiswap
165,Axelar,AXL,https://coinmarketcap.com/currencies/axelar/,https://coinmarketcap.com/currencies/axelar/historical-data/,"[{'tag': 'Interoperability', 'url': 'https://coinmarketcap.com/view/interoperability/'}, {'tag': 'Ethereum Ecosystem', 'url': 'https://coinmarketcap.com/view/ethereum-ecosystem/'}, {'tag': 'Coinbase Ventures Portfolio', 'url': 'https://coinmarketcap.com/view/coinbase-ventures-portfolio/'}]",https://github.com/axelarnetwork
166,IoTeX,IOTX,https://coinmarketcap.com/currencies/iotex/,https://coinmarketcap.com/currencies/iotex/historical-data/,"[{'tag': 'Platform', 'url': 'https://coinmarketcap.com/view/platform/'}, {'tag': 'IoT', 'url': 'https://coinmarketcap.com/view/iot/'}, {'tag': 'Hashkey Capital Portfolio', 'url': 'https://coinmarketcap.com/view/hashkey-capital-portfolio/'}]",https://github.com/iotexproject/iotex-core
167,MAGIC,MAGIC,https://coinmarketcap.com/currencies/magic-token/,https://coinmarketcap.com/currencies/magic-token/historical-data/,"[{'tag': 'Gaming', 'url': 'https://coinmarketcap.com/view/gaming/'}, {'tag': 'Metaverse', 'url': 'https://coinmarketcap.com/view/metaverse/'}, {'tag': 'Arbitrum Ecosystem', 'url': 'https://coinmarketcap.com/view/arbitrum-ecosytem/'}]",https://github.com/TreasureProject/
168,Merit Circle,MC,https://coinmarketcap.com/currencies/merit-circle/,https://coinmarketcap.com/currencies/merit-circle/historical-data/,"[{'tag': 'Gaming', 'url': 'https://coinmarketcap.com/view/gaming/'}, {'tag': 'Binance Launchpool', 'url': 'https://coinmarketcap.com/view/binance-launchpool/'}, {'tag': 'Governance', 'url': 'https://coinmarketcap.com/view/governance/'}]",
169,TerraClassicUSD,USTC,https://coinmarketcap.com/currencies/terrausd/,https://coinmarketcap.com/currencies/terrausd/historical-data/,"[{'tag': 'Cosmos Ecosystem', 'url': 'https://coinmarketcap.com/view/cosmos-ecosystem/'}, {'tag': 'Stablecoin', 'url': 'https://coinmarketcap.com/view/stablecoin/'}, {'tag': 'Algorithmic Stablecoin', 'url': 'https://coinmarketcap.com/view/algorithmic-stablecoin/'}]",https://github.com/terra-project
170,Kadena,KDA,https://coinmarketcap.com/currencies/kadena/,https://coinmarketcap.com/currencies/kadena/historical-data/,"[{'tag': 'Mineable', 'url': 'https://coinmarketcap.com/view/mineable/'}, {'tag': 'PoW', 'url': 'https://coinmarketcap.com/view/pow/'}, {'tag': 'Blake2S', 'url': 'https://coinmarketcap.com/view/blake2s/'}]",https://github.com/kadena-io/chainweb-node
171,UniBot,UNIBOT,https://coinmarketcap.com/currencies/unibot-eth/,https://coinmarketcap.com/currencies/unibot-eth/historical-data/,"[{'tag': 'Ethereum Ecosystem', 'url': 'https://coinmarketcap.com/view/ethereum-ecosystem/'}, {'tag': 'Telegram Bot', 'url': 'https://coinmarketcap.com/view/telegram-bot/'}]",
172,BORA,BORA,https://coinmarketcap.com/currencies/bora/,https://coinmarketcap.com/currencies/bora/historical-data/,"[{'tag': 'Marketplace', 'url': 'https://coinmarketcap.com/view/marketplace/'}, {'tag': 'Gaming', 'url': 'https://coinmarketcap.com/view/gaming/'}]",
173,Nervos Network,CKB,https://coinmarketcap.com/currencies/nervos-network/,https://coinmarketcap.com/currencies/nervos-network/historical-data/,"[{'tag': 'Mineable', 'url': 'https://coinmarketcap.com/view/mineable/'}, {'tag': 'PoW', 'url': 'https://coinmarketcap.com/view/pow/'}, {'tag': 'Platform', 'url': 'https://coinmarketcap.com/view/platform/'}]",https://github.com/nervosnetwork
174,DigiByte,DGB,https://coinmarketcap.com/currencies/digibyte/,https://coinmarketcap.com/currencies/digibyte/historical-data/,"[{'tag': 'Mineable', 'url': 'https://coinmarketcap.com/view/mineable/'}, {'tag': 'PoW', 'url': 'https://coinmarketcap.com/view/pow/'}, {'tag': 'Multiple algorithms', 'url': 'https://coinmarketcap.com/view/multiple-algorithms/'}]",https://github.com/DigiByte-Core
175,Stargate Finance,STG,https://coinmarketcap.com/currencies/stargate-finance/,https://coinmarketcap.com/currencies/stargate-finance/historical-data/,"[{'tag': 'Ethereum Ecosystem', 'url': 'https://coinmarketcap.com/view/ethereum-ecosystem/'}, {'tag': 'Avalanche Ecosystem', 'url': 'https://coinmarketcap.com/view/avalanche-ecosystem/'}, {'tag': 'Polygon Ecosystem', 'url': 'https://coinmarketcap.com/view/polygon-ecosystem/'}]",
176,DAO Maker,DAO,https://coinmarketcap.com/currencies/dao-maker/,https://coinmarketcap.com/currencies/dao-maker/historical-data/,"[{'tag': 'DeFi', 'url': 'https://coinmarketcap.com/view/defi/'}, {'tag': 'Governance', 'url': 'https://coinmarketcap.com/view/governance/'}, {'tag': 'Launchpad', 'url': 'https://coinmarketcap.com/view/launchpad/'}]",https://github.com/daomaker
177,MobileCoin,MOB,https://coinmarketcap.com/currencies/mobilecoin/,https://coinmarketcap.com/currencies/mobilecoin/historical-data/,"[{'tag': 'Privacy', 'url': 'https://coinmarketcap.com/view/privacy/'}, {'tag': 'Payments', 'url': 'https://coinmarketcap.com/view/payments/'}, {'tag': 'Arrington XRP Capital Portfolio', 'url': 'https://coinmarketcap.com/view/arrington-xrp-capital-portfolio/'}]",https://github.com/mobilecoinfoundation/mobilecoin
178,Ribbon Finance,RBN,https://coinmarketcap.com/currencies/ribbon-finance/,https://coinmarketcap.com/currencies/ribbon-finance/historical-data/,"[{'tag': 'Derivatives', 'url': 'https://coinmarketcap.com/view/derivatives/'}, {'tag': 'Coinbase Ventures Portfolio', 'url': 'https://coinmarketcap.com/view/coinbase-ventures-portfolio/'}, {'tag': 'Real World Assets', 'url': 'https://coinmarketcap.com/view/real-world-assets/'}]",https://github.com/ribbon-finance
179,Core,CORE,https://coinmarketcap.com/currencies/core-dao/,https://coinmarketcap.com/currencies/core-dao/historical-data/,[],
180,SKALE,SKL,https://coinmarketcap.com/currencies/skale-network/,https://coinmarketcap.com/currencies/skale-network/historical-data/,"[{'tag': 'Platform', 'url': 'https://coinmarketcap.com/view/platform/'}, {'tag': 'Scaling', 'url': 'https://coinmarketcap.com/view/scaling/'}, {'tag': 'Smart Contracts', 'url': 'https://coinmarketcap.com/view/smart-contracts/'}]",https://github.com/skalenetwork
181,Flux,FLUX,https://coinmarketcap.com/currencies/zel/,https://coinmarketcap.com/currencies/zel/historical-data/,"[{'tag': 'Mineable', 'url': 'https://coinmarketcap.com/view/mineable/'}, {'tag': 'PoW', 'url': 'https://coinmarketcap.com/view/pow/'}, {'tag': 'Distributed Computing', 'url': 'https://coinmarketcap.com/view/distributed-computing/'}]",https://github.com/runonflux
182,UMA,UMA,https://coinmarketcap.com/currencies/uma/,https://coinmarketcap.com/currencies/uma/historical-data/,"[{'tag': 'DeFi', 'url': 'https://coinmarketcap.com/view/defi/'}, {'tag': 'Derivatives', 'url': 'https://coinmarketcap.com/view/derivatives/'}, {'tag': 'Oracles', 'url': 'https://coinmarketcap.com/view/oracles/'}]",https://github.com/UMAprotocol
183,Horizen,ZEN,https://coinmarketcap.com/currencies/horizen/,https://coinmarketcap.com/currencies/horizen/historical-data/,"[{'tag': 'Mineable', 'url': 'https://coinmarketcap.com/view/mineable/'}, {'tag': 'PoW', 'url': 'https://coinmarketcap.com/view/pow/'}, {'tag': 'Medium of Exchange', 'url': 'https://coinmarketcap.com/view/medium-of-exchange/'}]",https://github.com/HorizenOfficial
184,Galxe,GAL,https://coinmarketcap.com/currencies/galxe/,https://coinmarketcap.com/currencies/galxe/historical-data/,"[{'tag': 'Binance Launchpool', 'url': 'https://coinmarketcap.com/view/binance-launchpool/'}, {'tag': 'MVB', 'url': 'https://coinmarketcap.com/view/mvb/'}, {'tag': 'Spartan Group', 'url': 'https://coinmarketcap.com/view/spartan-group/'}]",
185,Reserve Rights,RSR,https://coinmarketcap.com/currencies/reserve-rights/,https://coinmarketcap.com/currencies/reserve-rights/historical-data/,"[{'tag': 'Store Of Value', 'url': 'https://coinmarketcap.com/view/store-of-value/'}, {'tag': 'DeFi', 'url': 'https://coinmarketcap.com/view/defi/'}, {'tag': 'Coinbase Ventures Portfolio', 'url': 'https://coinmarketcap.com/view/coinbase-ventures-portfolio/'}]",https://github.com/reserve-protocol
186,TomoChain,TOMO,https://coinmarketcap.com/currencies/tomochain/,https://coinmarketcap.com/currencies/tomochain/historical-data/,"[{'tag': 'Platform', 'url': 'https://coinmarketcap.com/view/platform/'}, {'tag': 'Alameda Research Portfolio', 'url': 'https://coinmarketcap.com/view/alameda-research-portfolio/'}, {'tag': 'Injective Ecosystem', 'url': 'https://coinmarketcap.com/view/injective-ecosystem/'}]",https://github.com/tomochain/
187,Everscale,EVER,https://coinmarketcap.com/currencies/everscale/,https://coinmarketcap.com/currencies/everscale/historical-data/,"[{'tag': 'Everscale Ecosystem', 'url': 'https://coinmarketcap.com/view/everscale-ecosystem/'}]",https://github.com/tonlabs/ever-sdk
188,STP,STPT,https://coinmarketcap.com/currencies/standard-tokenization-protocol/,https://coinmarketcap.com/currencies/standard-tokenization-protocol/historical-data/,"[{'tag': 'DeFi', 'url': 'https://coinmarketcap.com/view/defi/'}, {'tag': 'Payments', 'url': 'https://coinmarketcap.com/view/payments/'}]",
189,Lisk,LSK,https://coinmarketcap.com/currencies/lisk/,https://coinmarketcap.com/currencies/lisk/historical-data/,"[{'tag': 'DPoS', 'url': 'https://coinmarketcap.com/view/dpos/'}, {'tag': 'Platform', 'url': 'https://coinmarketcap.com/view/platform/'}, {'tag': 'Enterprise Solutions', 'url': 'https://coinmarketcap.com/view/enterprise-solutions/'}]",https://github.com/LiskHQ/lisk-sdk
190,Nano,XNO,https://coinmarketcap.com/currencies/nano/,https://coinmarketcap.com/currencies/nano/historical-data/,"[{'tag': 'DAG', 'url': 'https://coinmarketcap.com/view/dag/'}, {'tag': 'Blake2b', 'url': 'https://coinmarketcap.com/view/blake2b/'}, {'tag': 'Medium of Exchange', 'url': 'https://coinmarketcap.com/view/medium-of-exchange/'}]",https://github.com/nanocurrency
191,Storj,STORJ,https://coinmarketcap.com/currencies/storj/,https://coinmarketcap.com/currencies/storj/historical-data/,"[{'tag': 'Platform', 'url': 'https://coinmarketcap.com/view/platform/'}, {'tag': 'Distributed Computing', 'url': 'https://coinmarketcap.com/view/distributed-computing/'}, {'tag': 'Filesharing', 'url': 'https://coinmarketcap.com/view/filesharing/'}]",https://github.com/storj/storj
192,Alchemy Pay,ACH,https://coinmarketcap.com/currencies/alchemy-pay/,https://coinmarketcap.com/currencies/alchemy-pay/historical-data/,"[{'tag': 'DWF Labs Portfolio', 'url': 'https://coinmarketcap.com/view/dwf-labs-portfolio/'}]",https://github.com/Alchemy-GPS
193,Kyber Network Crystal v2,KNC,https://coinmarketcap.com/currencies/kyber-network-crystal-v2/,https://coinmarketcap.com/currencies/kyber-network-crystal-v2/historical-data/,"[{'tag': 'Marketplace', 'url': 'https://coinmarketcap.com/view/marketplace/'}, {'tag': 'Decentralized Exchange (DEX) Token', 'url': 'https://coinmarketcap.com/view/decentralized-exchange-dex-token/'}, {'tag': 'DeFi', 'url': 'https://coinmarketcap.com/view/defi/'}]",https://github.com/kybernetwork
194,Cartesi,CTSI,https://coinmarketcap.com/currencies/cartesi/,https://coinmarketcap.com/currencies/cartesi/historical-data/,"[{'tag': 'PoS', 'url': 'https://coinmarketcap.com/view/pos/'}, {'tag': 'Platform', 'url': 'https://coinmarketcap.com/view/platform/'}, {'tag': 'Cosmos Ecosystem', 'url': 'https://coinmarketcap.com/view/cosmos-ecosystem/'}]",https://github.com/cartesi
195,Celer Network,CELR,https://coinmarketcap.com/currencies/celer-network/,https://coinmarketcap.com/currencies/celer-network/historical-data/,"[{'tag': 'Platform', 'url': 'https://coinmarketcap.com/view/platform/'}, {'tag': 'Enterprise Solutions', 'url': 'https://coinmarketcap.com/view/enterprise-solutions/'}, {'tag': 'Zero Knowledge Proofs', 'url': 'https://coinmarketcap.com/view/zero-knowledge-proofs/'}]",https://github.com/celer-network
196,PlayDapp,PLA,https://coinmarketcap.com/currencies/playdapp/,https://coinmarketcap.com/currencies/playdapp/historical-data/,"[{'tag': 'Gaming', 'url': 'https://coinmarketcap.com/view/gaming/'}, {'tag': 'Ethereum Ecosystem', 'url': 'https://coinmarketcap.com/view/ethereum-ecosystem/'}, {'tag': 'Metaverse', 'url': 'https://coinmarketcap.com/view/metaverse/'}]",https://github.com/playdapp
197,Pundi X (New),PUNDIX,https://coinmarketcap.com/currencies/pundix-new/,https://coinmarketcap.com/currencies/pundix-new/historical-data/,[],
198,Vulcan Forged PYR,PYR,https://coinmarketcap.com/currencies/vulcan-forged-pyr/,https://coinmarketcap.com/currencies/vulcan-forged-pyr/historical-data/,"[{'tag': 'Collectibles & NFTs', 'url': 'https://coinmarketcap.com/view/collectibles-nfts/'}, {'tag': 'Gaming', 'url': 'https://coinmarketcap.com/view/gaming/'}, {'tag': 'Entertainment', 'url': 'https://coinmarketcap.com/view/entertainment/'}]",
199,Status,SNT,https://coinmarketcap.com/currencies/status/,https://coinmarketcap.com/currencies/status/historical-data/,"[{'tag': 'Media', 'url': 'https://coinmarketcap.com/view/media/'}, {'tag': 'Content Creation', 'url': 'https://coinmarketcap.com/view/content-creation/'}, {'tag': 'Privacy', 'url': 'https://coinmarketcap.com/view/privacy/'}]",https://github.com/status-im
200,Amp,AMP,https://coinmarketcap.com/currencies/amp/,https://coinmarketcap.com/currencies/amp/historical-data/,"[{'tag': 'SEC Security Token', 'url': 'https://coinmarketcap.com/view/sec-security-token/'}, {'tag': 'Alleged SEC Securities', 'url': 'https://coinmarketcap.com/view/alleged-sec-securities/'}]",https://github.com/amptoken
